"Election_Type","State_Name","Assembly_No","Constituency_No","Year","month","Poll_No","DelimID","Position","Candidate","Sex","Party","Votes","Candidate_Type","Valid_Votes","Electors","Constituency_Name","Constituency_Type","Sub_Region","N_Cand","Turnout_Percentage","Vote_Share_Percentage","Deposit_Lost","Margin","Margin_Percentage","ENOP","pid","Party_Type_TCPD","Party_ID","last_poll","Contested","Last_Party","Last_Party_ID","Last_Constituency_Name","Same_Constituency","Same_Party","No_Terms","Turncoat","Incumbent","Recontest","Age","District_Name"
"GE","Delhi","16","1","2014","4","0","4","1","Dr. Harsh Vardhan","M","BJP","437938","GEN","981863","1447230","CHANDNI CHOWK","GEN","","25","67.84","44.60","no","136320","13.88","3.12","GEDL15277","","1605","TRUE","1","","","","","","1","FALSE","FALSE","FALSE","",""
"GE","Delhi","16","1","2014","4","0","4","2","Ashutosh","M","AAAP","301618","GEN","981863","1447230","CHANDNI CHOWK","GEN","","25","67.84","30.72","no","125412","12.77","3.12","GEDL15269","","13","TRUE","1","","","","","","0","FALSE","FALSE","FALSE","",""
"GE","Delhi","16","1","2014","4","0","4","3","Kapil Sibal","M","INC","176206","GEN","981863","1447230","CHANDNI CHOWK","GEN","","25","67.84","17.95","no","147601","15.03","3.12","GEDL74460","","3482","TRUE","4","INC","3482","CHANDNI CHOWK","TRUE","TRUE","2","FALSE","TRUE","TRUE","",""
"GE","Delhi","16","1","2014","4","0","4","4","Dildar Hussain Beg","M","IND","28605","GEN","981863","1447230","CHANDNI CHOWK","GEN","","25","67.84","2.91","yes","20859","2.12","3.12","GEDL15273","","10809","TRUE","1","","","","","","0","FALSE","FALSE","FALSE","",""
"GE","Delhi","16","1","2014","4","0","4","5","Narendra Kumar Pandey","M","BSP","7746","GEN","981863","1447230","CHANDNI CHOWK","GEN","","25","67.84","0.79","yes","3212","0.33","3.12","GEDL15271","","16651","TRUE","1","","","","","","0","FALSE","FALSE","FALSE","",""
"GE","Delhi","16","1","2014","4","0","4","6","None of the above","NOT","NOTA","4534","NULL","981863","1447230","CHANDNI CHOWK","GEN","","25","67.84","0.46","yes","29","0.00","3.12","","","5897","TRUE","","","","","","","","","FALSE","FALSE","",""
"GE","Delhi","16","1","2014","4","0","4","7","Ashutosh","M","IND","4505","GEN","981863","1447230","CHANDNI CHOWK","GEN","","25","67.84","0.46","yes","974","0.10","3.12","GEDL15272","","10809","TRUE","1","","","","","","0","FALSE","FALSE","FALSE","",""
"GE","Delhi","16","1","2014","4","0","4","8","Hariom Sharma","M","AITC","3531","GEN","981863","1447230","CHANDNI CHOWK","GEN","","25","67.84","0.36","yes","141","0.01","3.12","GEDL15278","","18228","TRUE","1","","","","","","0","FALSE","FALSE","FALSE","",""
"GE","Delhi","16","1","2014","4","0","4","9","Sanjay Gandhi","M","BRAVP","3390","GEN","981863","1447230","CHANDNI CHOWK","GEN","","25","67.84","0.35","yes","1561","0.16","3.12","GEDL15259","","2104","TRUE","1","","","","","","0","FALSE","FALSE","FALSE","",""
"GE","Delhi","16","1","2014","4","0","4","10","Vijay Shanker Chaubey","M","IND","1829","GEN","981863","1447230","CHANDNI CHOWK","GEN","","25","67.84","0.19","yes","64","0.01","3.12","GEDL15256","","10809","TRUE","1","","","","","","0","FALSE","FALSE","FALSE","",""
"GE","Delhi","16","1","2014","4","0","4","11","Abdul Amir Amiro","M","IND","1765","GEN","981863","1447230","CHANDNI CHOWK","GEN","","25","67.84","0.18","yes","122","0.01","3.12","GEDL15266","","10809","TRUE","1","","","","","","0","FALSE","FALSE","FALSE","",""
"GE","Delhi","16","1","2014","4","0","4","12","Ajay Kumar Khemka","M","kajp","1643","GEN","981863","1447230","CHANDNI CHOWK","GEN","","25","67.84","0.17","yes","90","0.01","3.12","GEDL15267","","4746","TRUE","1","","","","","","0","FALSE","FALSE","FALSE","",""
"GE","Delhi","16","1","2014","4","0","4","13","Jagmohan Singh Bakshi","M","ATBP","1553","GEN","981863","1447230","CHANDNI CHOWK","GEN","","25","67.84","0.16","yes","130","0.01","3.12","GEDL15265","","992","TRUE","1","","","","","","0","FALSE","FALSE","FALSE","",""
"GE","Delhi","16","1","2014","4","0","4","14","Gagan Rastogi","M","IND","1423","GEN","981863","1447230","CHANDNI CHOWK","GEN","","25","67.84","0.14","yes","542","0.06","3.12","GEDL15261","","10809","TRUE","1","","","","","","0","FALSE","FALSE","FALSE","",""
"GE","Delhi","16","1","2014","4","0","4","15","Bir Singh Soni","M","IND","881","SC","981863","1447230","CHANDNI CHOWK","GEN","","25","67.84","0.09","yes","92","0.01","3.12","GEDL15264","","10809","TRUE","1","","","","","","0","FALSE","FALSE","FALSE","",""
"GE","Delhi","16","1","2014","4","0","4","16","Surender Singh","M","IND","789","GEN","981863","1447230","CHANDNI CHOWK","GEN","","25","67.84","0.08","yes","187","0.02","3.12","GEDL15262","","10809","TRUE","1","","","","","","0","FALSE","FALSE","FALSE","",""
"GE","Delhi","16","1","2014","4","0","4","17","Balram Bari","M","IND","602","GEN","981863","1447230","CHANDNI CHOWK","GEN","","25","67.84","0.06","yes","10","0.00","3.12","GEDL43469","","10809","TRUE","4","IND","10809","CHANDNI CHOWK","TRUE","TRUE","0","FALSE","FALSE","TRUE","",""
"GE","Delhi","16","1","2014","4","0","4","18","Musarrat Jahan","F","RJ","592","GEN","981863","1447230","CHANDNI CHOWK","GEN","","25","67.84","0.06","yes","54","0.01","3.12","GEDL15255","","6575","TRUE","1","","","","","","0","FALSE","FALSE","FALSE","",""
"GE","Delhi","16","1","2014","4","0","4","19","Rashmi Kashyap","F","BPC","538","GEN","981863","1447230","CHANDNI CHOWK","GEN","","25","67.84","0.05","yes","0","0.00","3.12","GEDL15260","","2013","TRUE","1","","","","","","0","FALSE","FALSE","FALSE","",""
"GE","Delhi","16","1","2014","4","0","4","20","Mohd. Mursaleen","M","PECP","538","GEN","981863","1447230","CHANDNI CHOWK","GEN","","25","67.84","0.05","yes","230","0.02","3.12","GEDL15253","","5995","TRUE","1","","","","","","0","FALSE","FALSE","FALSE","",""
"GE","Delhi","16","1","2014","4","0","4","21","Dhan Raj Chauhan","M","NADP","308","SC","981863","1447230","CHANDNI CHOWK","GEN","","25","67.84","0.03","yes","18","0.00","3.12","GEDL15254","","5848","TRUE","1","","","","","","0","FALSE","FALSE","FALSE","",""
"GE","Delhi","16","1","2014","4","0","4","22","Jagjeet Singh","M","BGTD","290","GEN","981863","1447230","CHANDNI CHOWK","GEN","","25","67.84","0.03","yes","18","0.00","3.12","GEDL15258","","9056","TRUE","1","","","","","","0","FALSE","FALSE","FALSE","",""
"GE","Delhi","16","1","2014","4","0","4","23","Altaf Husain","M","bjdi","272","GEN","981863","1447230","CHANDNI CHOWK","GEN","","25","67.84","0.03","yes","9","0.00","3.12","GEDL15276","","1940","TRUE","1","","","","","","0","FALSE","FALSE","FALSE","",""
"GE","Delhi","16","1","2014","4","0","4","24","Dr. Tarun Kumar","M","VSP","263","GEN","981863","1447230","CHANDNI CHOWK","GEN","","25","67.84","0.03","yes","10","0.00","3.12","GEDL15270","","8508","TRUE","1","","","","","","0","FALSE","FALSE","FALSE","",""
"GE","Delhi","16","1","2014","4","0","4","25","Tariq Mirza","M","RPI(A)","253","GEN","981863","1447230","CHANDNI CHOWK","GEN","","25","67.84","0.03","yes","2","0.00","3.12","GEDL15274","","12285","TRUE","1","","","","","","0","FALSE","FALSE","FALSE","",""
"GE","Delhi","16","1","2014","4","0","4","26","Md. Afaq","M","JMBP","251","GEN","981863","1447230","CHANDNI CHOWK","GEN","","25","67.84","0.03","yes","0","0.00","3.12","GEDL15257","","4036","TRUE","1","","","","","","0","FALSE","FALSE","FALSE","",""
"GE","Delhi","16","2","2014","4","0","4","1","Manoj Tiwari","M","BJP","596125","GEN","1317338","1957708","NORTH EAST DELHI","GEN","","23","67.29","45.25","no","144084","10.94","2.86","GEDL15283","","1605","TRUE","1","","","","","","1","FALSE","FALSE","FALSE","",""
"GE","Delhi","16","2","2014","4","0","4","2","Anand Kumar","M","AAAP","452041","GEN","1317338","1957708","NORTH EAST DELHI","GEN","","23","67.29","34.31","no","237249","18.01","2.86","GEDL15280","","13","TRUE","1","","","","","","0","FALSE","FALSE","FALSE","",""
"GE","Delhi","16","2","2014","4","0","4","3","Jai Parkash Agarwal","M","INC","214792","GEN","1317338","1957708","NORTH EAST DELHI","GEN","","23","67.29","16.31","yes","186657","14.17","2.86","GEDL30545","","3482","TRUE","7","INC","3482","NORTH EAST DELHI","TRUE","TRUE","4","FALSE","TRUE","TRUE","",""
"GE","Delhi","16","2","2014","4","0","4","4","Abdul Sami Salmani","M","BSP","28135","GEN","1317338","1957708","NORTH EAST DELHI","GEN","","23","67.29","2.14","yes","24311","1.85","2.86","GEDL15296","","16651","TRUE","1","","","","","","0","FALSE","FALSE","FALSE","",""
"GE","Delhi","16","2","2014","4","0","4","5","None of the above","NOT","NOTA","3824","NULL","1317338","1957708","NORTH EAST DELHI","GEN","","23","67.29","0.29","yes","633","0.05","2.86","","","5897","TRUE","","","","","","","","","FALSE","FALSE","",""
"GE","Delhi","16","2","2014","4","0","4","6","A.k. Aggarwal","M","AGRJP","3191","GEN","1317338","1957708","NORTH EAST DELHI","GEN","","23","67.29","0.24","yes","772","0.06","2.86","GEDL15279","","98","TRUE","1","","","","","","0","FALSE","FALSE","FALSE","",""
"GE","Delhi","16","2","2014","4","0","4","7","H.k. Mahendru","M","IND","2419","GEN","1317338","1957708","NORTH EAST DELHI","GEN","","23","67.29","0.18","yes","498","0.04","2.86","GEDL15294","","10809","TRUE","1","","","","","","0","FALSE","FALSE","FALSE","",""
"GE","Delhi","16","2","2014","4","0","4","8","Dan Bahadur Yadav","M","IND","1921","GEN","1317338","1957708","NORTH EAST DELHI","GEN","","23","67.29","0.15","yes","29","0.00","2.86","GEDL77846","","10809","TRUE","4","IND","10809","AZAMGARH","FALSE","TRUE","0","FALSE","FALSE","TRUE","",""
"GE","Delhi","16","2","2014","4","0","4","9","Amit Kumar Sharma","M","IND","1892","GEN","1317338","1957708","NORTH EAST DELHI","GEN","","23","67.29","0.14","yes","197","0.01","2.86","GEDL15285","","10809","TRUE","1","","","","","","0","FALSE","FALSE","FALSE","",""
"GE","Delhi","16","2","2014","4","0","4","10","Ali Husan","M","IND","1695","GEN","1317338","1957708","NORTH EAST DELHI","GEN","","23","67.29","0.13","yes","26","0.00","2.86","GEDL15297","","10809","TRUE","1","","","","","","0","FALSE","FALSE","FALSE","",""
"GE","Delhi","16","2","2014","4","0","4","11","Mukesh Kumar Arora","M","IND","1669","GEN","1317338","1957708","NORTH EAST DELHI","GEN","","23","67.29","0.13","yes","406","0.03","2.86","GEDL15302","","10809","TRUE","1","","","","","","0","FALSE","FALSE","FALSE","",""
"GE","Delhi","16","2","2014","4","0","4","12","Dinesh Pal Singh","M","IND","1263","GEN","1317338","1957708","NORTH EAST DELHI","GEN","","23","67.29","0.10","yes","6","0.00","2.86","GEDL15299","","10809","TRUE","1","","","","","","0","FALSE","FALSE","FALSE","",""
"GE","Delhi","16","2","2014","4","0","4","13","Mohd. Hasnan Khan","M","JKNPP","1257","GEN","1317338","1957708","NORTH EAST DELHI","GEN","","23","67.29","0.10","yes","378","0.03","2.86","GEDL15287","","4079","TRUE","1","","","","","","0","FALSE","FALSE","FALSE","",""
"GE","Delhi","16","2","2014","4","0","4","14","Mohd. Hasnain","M","IND","879","GEN","1317338","1957708","NORTH EAST DELHI","GEN","","23","67.29","0.07","yes","61","0.00","2.86","GEDL73739","","10809","TRUE","4","IND","10809","NORTH EAST DELHI","TRUE","TRUE","0","FALSE","FALSE","TRUE","",""
"GE","Delhi","16","2","2014","4","0","4","15","Vinay","M","BSKP","818","GEN","1317338","1957708","NORTH EAST DELHI","GEN","","23","67.29","0.06","yes","34","0.00","2.86","GEDL15292","","1848","TRUE","1","","","","","","0","FALSE","FALSE","FALSE","",""
"GE","Delhi","16","2","2014","4","0","4","16","Mohd. Arif Siddique","M","AITC","784","GEN","1317338","1957708","NORTH EAST DELHI","GEN","","23","67.29","0.06","yes","39","0.00","2.86","GEDL15284","","18228","TRUE","1","","","","","","0","FALSE","FALSE","FALSE","",""
"GE","Delhi","16","2","2014","4","0","4","17","Roshan Ali","M","NLP","745","GEN","1317338","1957708","NORTH EAST DELHI","GEN","","23","67.29","0.06","yes","82","0.01","2.86","GEDL15281","","5631","TRUE","1","","","","","","0","FALSE","FALSE","FALSE","",""
"GE","Delhi","16","2","2014","4","0","4","18","Harsh Kumar","M","IND","663","SC","1317338","1957708","NORTH EAST DELHI","GEN","","23","67.29","0.05","yes","5","0.00","2.86","GEDL15295","","10809","TRUE","1","","","","","","0","FALSE","FALSE","FALSE","",""
"GE","Delhi","16","2","2014","4","0","4","19","Om Dutt Sharma","M","SHS","658","GEN","1317338","1957708","NORTH EAST DELHI","GEN","","23","67.29","0.05","yes","57","0.00","2.86","GEDL15298","","18691","TRUE","1","","","","","","0","FALSE","FALSE","FALSE","",""
"GE","Delhi","16","2","2014","4","0","4","20","Dharamveer Singh","M","REP","601","SC","1317338","1957708","NORTH EAST DELHI","GEN","","23","67.29","0.05","yes","93","0.01","2.86","GEDL15286","","16402","TRUE","1","","","","","","0","FALSE","FALSE","FALSE","",""
"GE","Delhi","16","2","2014","4","0","4","21","Prof. Narendera Sharma","M","SUCI","508","GEN","1317338","1957708","NORTH EAST DELHI","GEN","","23","67.29","0.04","yes","4","0.00","2.86","GEDL73888","","8082","TRUE","2","IND","10809","DELHI SADAR","FALSE","FALSE","0","FALSE","FALSE","FALSE","",""
"GE","Delhi","16","2","2014","4","0","4","22","Rajan Lal","M","BRPP","504","SC","1317338","1957708","NORTH EAST DELHI","GEN","","23","67.29","0.04","yes","15","0.00","2.86","GEDL15291","","1800","TRUE","1","","","","","","0","FALSE","FALSE","FALSE","",""
"GE","Delhi","16","2","2014","4","0","4","23","Pradesh Kumar","M","ANC","489","GEN","1317338","1957708","NORTH EAST DELHI","GEN","","23","67.29","0.04","yes","24","0.00","2.86","GEDL15288","","840","TRUE","1","","","","","","0","FALSE","FALSE","FALSE","",""
"GE","Delhi","16","2","2014","4","0","4","24","Ramesh Singh Siral","M","NADP","465","GEN","1317338","1957708","NORTH EAST DELHI","GEN","","23","67.29","0.04","yes","0","0.00","2.86","GEDL15300","","5848","TRUE","1","","","","","","0","FALSE","FALSE","FALSE","",""
"GE","Delhi","16","3","2014","4","0","4","1","Maheish Girri","M","BJP","572202","GEN","1196336","1829578","EAST DELHI","GEN","","23","65.39","47.83","no","190463","15.92","2.78","GEDL15310","","1605","TRUE","1","","","","","","1","FALSE","FALSE","FALSE","",""
"GE","Delhi","16","3","2014","4","0","4","2","Rajmohan Gandhi","M","AAAP","381739","GEN","1196336","1829578","EAST DELHI","GEN","","23","65.39","31.91","no","178499","14.92","2.78","GEDL15305","","13","TRUE","1","","","","","","0","FALSE","FALSE","FALSE","",""
"GE","Delhi","16","3","2014","4","0","4","3","Sandeep Dikshit","M","INC","203240","GEN","1196336","1829578","EAST DELHI","GEN","","23","65.39","16.99","no","184665","15.44","2.78","GEDL74454","","3482","TRUE","3","INC","3482","EAST DELHI","TRUE","TRUE","2","FALSE","TRUE","TRUE","",""
"GE","Delhi","16","3","2014","4","0","4","4","Mohammad Shakeel Saifi","M","BSP","18575","GEN","1196336","1829578","EAST DELHI","GEN","","23","65.39","1.55","yes","13600","1.14","2.78","GEDL15324","","16651","TRUE","1","","","","","","0","FALSE","FALSE","FALSE","",""
"GE","Delhi","16","3","2014","4","0","4","5","None of the above","NOT","NOTA","4975","NULL","1196336","1829578","EAST DELHI","GEN","","23","65.39","0.42","yes","1081","0.09","2.78","","","5897","TRUE","","","","","","","","","FALSE","FALSE","",""
"GE","Delhi","16","3","2014","4","0","4","6","Mohd Shahid Siddiqui","M","AITC","3894","GEN","1196336","1829578","EAST DELHI","GEN","","23","65.39","0.33","yes","2186","0.18","2.78","GEDL15318","","18228","TRUE","1","","","","","","0","FALSE","FALSE","FALSE","",""
"GE","Delhi","16","3","2014","4","0","4","7","Arun Thakur","M","SPP","1708","GEN","1196336","1829578","EAST DELHI","GEN","","23","65.39","0.14","yes","193","0.02","2.78","GEDL15321","","16962","TRUE","1","","","","","","0","FALSE","FALSE","FALSE","",""
"GE","Delhi","16","3","2014","4","0","4","8","Shakeel Ahmed","M","JMBP","1515","GEN","1196336","1829578","EAST DELHI","GEN","","23","65.39","0.13","yes","362","0.03","2.78","GEDL15326","","4036","TRUE","1","","","","","","0","FALSE","FALSE","FALSE","",""
"GE","Delhi","16","3","2014","4","0","4","9","Jagannath Tiwari","M","IND","1153","GEN","1196336","1829578","EAST DELHI","GEN","","23","65.39","0.10","yes","175","0.01","2.78","GEDL15325","","10809","TRUE","1","","","","","","0","FALSE","FALSE","FALSE","",""
"GE","Delhi","16","3","2014","4","0","4","10","Kumar Vivek Gautam","M","IND","978","SC","1196336","1829578","EAST DELHI","GEN","","23","65.39","0.08","yes","217","0.02","2.78","GEDL15314","","10809","TRUE","1","","","","","","0","FALSE","FALSE","FALSE","",""
"GE","Delhi","16","3","2014","4","0","4","11","Prem Singh","M","SP(I)","761","GEN","1196336","1829578","EAST DELHI","GEN","","23","65.39","0.06","yes","87","0.01","2.78","GEDL80704","","8030","TRUE","3","IND","10809","EAST DELHI","TRUE","FALSE","0","FALSE","FALSE","TRUE","",""
"GE","Delhi","16","3","2014","4","0","4","12","Deepak Kumar","M","IND","674","SC","1196336","1829578","EAST DELHI","GEN","","23","65.39","0.06","yes","6","0.00","2.78","GEDL15303","","10809","TRUE","1","","","","","","0","FALSE","FALSE","FALSE","",""
"GE","Delhi","16","3","2014","4","0","4","13","Jai Ram Lal","M","JKNPP","668","GEN","1196336","1829578","EAST DELHI","GEN","","23","65.39","0.06","yes","141","0.01","2.78","GEDL15317","","4079","TRUE","1","","","","","","0","FALSE","FALSE","FALSE","",""
"GE","Delhi","16","3","2014","4","0","4","14","Ram Briksh Mall","M","HND","527","GEN","1196336","1829578","EAST DELHI","GEN","","23","65.39","0.04","yes","61","0.01","2.78","GEDL15320","","3288","TRUE","1","","","","","","0","FALSE","FALSE","FALSE","",""
"GE","Delhi","16","3","2014","4","0","4","15","Mohammed Naeem","M","IND","466","GEN","1196336","1829578","EAST DELHI","GEN","","23","65.39","0.04","yes","44","0.00","2.78","GEDL15306","","10809","TRUE","1","","","","","","0","FALSE","FALSE","FALSE","",""
"GE","Delhi","16","3","2014","4","0","4","16","Rajesh","M","ANC","422","GEN","1196336","1829578","EAST DELHI","GEN","","23","65.39","0.04","yes","7","0.00","2.78","GEDL15309","","840","TRUE","1","","","","","","0","FALSE","FALSE","FALSE","",""
"GE","Delhi","16","3","2014","4","0","4","17","Manjeet Singh","M","IND","415","GEN","1196336","1829578","EAST DELHI","GEN","","23","65.39","0.03","yes","11","0.00","2.78","GEDL15319","","10809","TRUE","3","IND","10809","SOUTH DELHI","FALSE","TRUE","0","FALSE","FALSE","FALSE","",""
"GE","Delhi","16","3","2014","4","0","4","18","Padam Chand","M","IND","404","GEN","1196336","1829578","EAST DELHI","GEN","","23","65.39","0.03","yes","2","0.00","2.78","GEDL15307","","10809","TRUE","1","","","","","","0","FALSE","FALSE","FALSE","",""
"GE","Delhi","16","3","2014","4","0","4","19","Manju Chhibber","F","RPI(A)","402","GEN","1196336","1829578","EAST DELHI","GEN","","23","65.39","0.03","yes","7","0.00","2.78","GEDL15323","","12285","TRUE","1","","","","","","0","FALSE","FALSE","FALSE","",""
"GE","Delhi","16","3","2014","4","0","4","20","Virendra Mayer","M","SJP(R)","395","GEN","1196336","1829578","EAST DELHI","GEN","","23","65.39","0.03","yes","46","0.00","2.78","GEDL15322","","7408","TRUE","1","","","","","","0","FALSE","FALSE","FALSE","",""
"GE","Delhi","16","3","2014","4","0","4","21","Ompal Singh","M","kajp","349","GEN","1196336","1829578","EAST DELHI","GEN","","23","65.39","0.03","yes","10","0.00","2.78","GEDL15316","","4746","TRUE","1","","","","","","0","FALSE","FALSE","FALSE","",""
"GE","Delhi","16","3","2014","4","0","4","22","Mohd Naseer","M","PECP","339","GEN","1196336","1829578","EAST DELHI","GEN","","23","65.39","0.03","yes","14","0.00","2.78","GEDL15312","","5995","TRUE","1","","","","","","0","FALSE","FALSE","FALSE","",""
"GE","Delhi","16","3","2014","4","0","4","23","Praveen Kumar","M","BJM","325","SC","1196336","1829578","EAST DELHI","GEN","","23","65.39","0.03","yes","115","0.01","2.78","GEDL15308","","15862","TRUE","1","","","","","","0","FALSE","FALSE","FALSE","",""
"GE","Delhi","16","3","2014","4","0","4","24","Dr. Nabhit Kapur","M","NADP","210","GEN","1196336","1829578","EAST DELHI","GEN","","23","65.39","0.02","yes","0","0.00","2.78","GEDL15304","","5848","TRUE","1","","","","","","0","FALSE","FALSE","FALSE","",""
"GE","Delhi","16","4","2014","4","0","4","1","Meenakashi Lekhi","F","BJP","453350","GEN","969812","1490147","NEW DELHI","GEN","","29","65.08","46.75","no","162708","16.78","2.86","GEDL15341","","1605","TRUE","1","","","","","","1","FALSE","FALSE","FALSE","",""
"GE","Delhi","16","4","2014","4","0","4","2","Ashish Khetan","M","AAAP","290642","GEN","969812","1490147","NEW DELHI","GEN","","29","65.08","29.97","no","107749","11.11","2.86","GEDL15348","","13","TRUE","1","","","","","","0","FALSE","FALSE","FALSE","",""
"GE","Delhi","16","4","2014","4","0","4","3","Ajay Makan","M","INC","182893","GEN","969812","1490147","NEW DELHI","GEN","","29","65.08","18.86","no","162865","16.79","2.86","GEDL74378","","3482","TRUE","4","INC","3482","NEW DELHI","TRUE","TRUE","2","FALSE","TRUE","TRUE","",""
"GE","Delhi","16","4","2014","4","0","4","4","Ravi Kumar Gupta","M","IND","20028","GEN","969812","1490147","NEW DELHI","GEN","","29","65.08","2.07","yes","13940","1.44","2.86","GEDL15355","","10809","TRUE","1","","","","","","0","FALSE","FALSE","FALSE","",""
"GE","Delhi","16","4","2014","4","0","4","5","Solomon George","M","BSP","6088","GEN","969812","1490147","NEW DELHI","GEN","","29","65.08","0.63","yes","499","0.05","2.86","GEDL15353","","16651","TRUE","1","","","","","","0","FALSE","FALSE","FALSE","",""
"GE","Delhi","16","4","2014","4","0","4","6","None of the above","NOT","NOTA","5589","NULL","969812","1490147","NEW DELHI","GEN","","29","65.08","0.58","yes","4329","0.45","2.86","","","5897","TRUE","","","","","","","","","FALSE","FALSE","",""
"GE","Delhi","16","4","2014","4","0","4","7","Rubina Khan","F","IND","1260","GEN","969812","1490147","NEW DELHI","GEN","","29","65.08","0.13","yes","351","0.04","2.86","GEDL15342","","10809","TRUE","1","","","","","","0","FALSE","FALSE","FALSE","",""
"GE","Delhi","16","4","2014","4","0","4","8","Biswajit Ranjit Chatterjee","M","AITC","909","GEN","969812","1490147","NEW DELHI","GEN","","29","65.08","0.09","yes","22","0.00","2.86","GEDL15343","","18228","TRUE","1","","","","","","0","FALSE","FALSE","FALSE","",""
"GE","Delhi","16","4","2014","4","0","4","9","Anjuman Agnihotri","M","IND","887","GEN","969812","1490147","NEW DELHI","GEN","","29","65.08","0.09","yes","25","0.00","2.86","GEDL15335","","10809","TRUE","1","","","","","","0","FALSE","FALSE","FALSE","",""
"GE","Delhi","16","4","2014","4","0","4","10","Ghanshyam Dass","M","IND","862","SC","969812","1490147","NEW DELHI","GEN","","29","65.08","0.09","yes","175","0.02","2.86","GEDL80732","","10809","TRUE","3","IND","10809","NEW DELHI","TRUE","TRUE","0","FALSE","FALSE","TRUE","",""
"GE","Delhi","16","4","2014","4","0","4","11","Narendra Singh Rawat","M","IND","687","GEN","969812","1490147","NEW DELHI","GEN","","29","65.08","0.07","yes","25","0.00","2.86","GEDL15332","","10809","TRUE","1","","","","","","0","FALSE","FALSE","FALSE","",""
"GE","Delhi","16","4","2014","4","0","4","12","Dal Chand","M","IND","662","SC","969812","1490147","NEW DELHI","GEN","","29","65.08","0.07","yes","80","0.01","2.86","GEDL15328","","10809","TRUE","1","","","","","","0","FALSE","FALSE","FALSE","",""
"GE","Delhi","16","4","2014","4","0","4","13","Swadesh Ohri","M","ATBP","582","GEN","969812","1490147","NEW DELHI","GEN","","29","65.08","0.06","yes","50","0.01","2.86","GEDL15329","","992","TRUE","1","","","","","","0","FALSE","FALSE","FALSE","",""
"GE","Delhi","16","4","2014","4","0","4","14","Ratheesh","M","IND","532","GEN","969812","1490147","NEW DELHI","GEN","","29","65.08","0.05","yes","4","0.00","2.86","GEDL15327","","10809","TRUE","1","","","","","","0","FALSE","FALSE","FALSE","",""
"GE","Delhi","16","4","2014","4","0","4","15","Sunita Chaudhary","F","JKNPP","528","GEN","969812","1490147","NEW DELHI","GEN","","29","65.08","0.05","yes","29","0.00","2.86","GEDL80475","","4079","TRUE","2","UWF","8418","NEW DELHI","TRUE","FALSE","0","TRUE","FALSE","TRUE","",""
"GE","Delhi","16","4","2014","4","0","4","16","k p Sankaran Menon","M","IND","499","GEN","969812","1490147","NEW DELHI","GEN","","29","65.08","0.05","yes","55","0.01","2.86","GEDL15346","","10809","TRUE","1","","","","","","0","FALSE","FALSE","FALSE","",""
"GE","Delhi","16","4","2014","4","0","4","17","Nikhil Sablania","M","IND","444","SC","969812","1490147","NEW DELHI","GEN","","29","65.08","0.05","yes","15","0.00","2.86","GEDL15350","","10809","TRUE","1","","","","","","0","FALSE","FALSE","FALSE","",""
"GE","Delhi","16","4","2014","4","0","4","18","Harkrishan Das Nijhawan","M","IND","429","GEN","969812","1490147","NEW DELHI","GEN","","29","65.08","0.04","yes","41","0.00","2.86","GEDL80591","","10809","TRUE","2","IND","10809","NEW DELHI","TRUE","TRUE","0","FALSE","FALSE","TRUE","",""
"GE","Delhi","16","4","2014","4","0","4","19","Sujeet Jha","M","bjdi","388","GEN","969812","1490147","NEW DELHI","GEN","","29","65.08","0.04","yes","22","0.00","2.86","GEDL15344","","1940","TRUE","1","","","","","","0","FALSE","FALSE","FALSE","",""
"GE","Delhi","16","4","2014","4","0","4","20","Lakshmi Narayan","M","BHBP","366","SC","969812","1490147","NEW DELHI","GEN","","29","65.08","0.04","yes","19","0.00","2.86","GEDL15352","","1365","TRUE","1","","","","","","0","FALSE","FALSE","FALSE","",""
"GE","Delhi","16","4","2014","4","0","4","21","Dheeraj Puri","M","SHS","347","GEN","969812","1490147","NEW DELHI","GEN","","29","65.08","0.04","yes","49","0.01","2.86","GEDL15336","","18691","TRUE","1","","","","","","0","FALSE","FALSE","FALSE","",""
"GE","Delhi","16","4","2014","4","0","4","22","Vishal Khosla","M","IND","298","GEN","969812","1490147","NEW DELHI","GEN","","29","65.08","0.03","yes","81","0.01","2.86","GEDL15345","","10809","TRUE","1","","","","","","0","FALSE","FALSE","FALSE","",""
"GE","Delhi","16","4","2014","4","0","4","23","Devi Singh","M","RaJPa","217","GEN","969812","1490147","NEW DELHI","GEN","","29","65.08","0.02","yes","4","0.00","2.86","GEDL15338","","6567","TRUE","1","","","","","","0","FALSE","FALSE","FALSE","",""
"GE","Delhi","16","4","2014","4","0","4","24","Padmaja Kandukuri","F","IND","213","GEN","969812","1490147","NEW DELHI","GEN","","29","65.08","0.02","yes","8","0.00","2.86","GEDL15330","","10809","TRUE","1","","","","","","0","FALSE","FALSE","FALSE","",""
"GE","Delhi","16","4","2014","4","0","4","25","Meena Singla","F","PHRC","205","GEN","969812","1490147","NEW DELHI","GEN","","29","65.08","0.02","yes","2","0.00","2.86","GEDL15337","","6098","TRUE","1","","","","","","0","FALSE","FALSE","FALSE","",""
"GE","Delhi","16","4","2014","4","0","4","26","Lukman Khan","M","IND","203","GEN","969812","1490147","NEW DELHI","GEN","","29","65.08","0.02","yes","4","0.00","2.86","GEDL80723","","10809","TRUE","2","IND","10809","NEW DELHI","TRUE","TRUE","0","FALSE","FALSE","TRUE","",""
"GE","Delhi","16","4","2014","4","0","4","27","Naveen Chandra","M","NADP","199","GEN","969812","1490147","NEW DELHI","GEN","","29","65.08","0.02","yes","13","0.00","2.86","GEDL15347","","5848","TRUE","1","","","","","","0","FALSE","FALSE","FALSE","",""
"GE","Delhi","16","4","2014","4","0","4","28","Ved Prakash","M","IND","186","SC","969812","1490147","NEW DELHI","GEN","","29","65.08","0.02","yes","25","0.00","2.86","GEDL30493","","10809","TRUE","7","IND","10809","NEW DELHI","TRUE","TRUE","0","FALSE","FALSE","TRUE","",""
"GE","Delhi","16","4","2014","4","0","4","29","Pradeep Varma","M","BVLP","161","GEN","969812","1490147","NEW DELHI","GEN","","29","65.08","0.02","yes","3","0.00","2.86","GEDL15340","","18230","TRUE","1","","","","","","0","FALSE","FALSE","FALSE","",""
"GE","Delhi","16","4","2014","4","0","4","30","Ramanuj Patel","M","SPP","158","GEN","969812","1490147","NEW DELHI","GEN","","29","65.08","0.02","yes","0","0.00","2.86","GEDL15333","","16962","TRUE","1","","","","","","0","FALSE","FALSE","FALSE","",""
"GE","Delhi","16","5","2014","4","0","4","1","Udit Raj","M","BJP","629860","SC","1356036","2194343","NORTH WEST DELHI","SC","","14","61.80","46.45","no","106802","7.88","2.63","GEDL15366","","1605","TRUE","1","","","","","","1","FALSE","FALSE","FALSE","",""
"GE","Delhi","16","5","2014","4","0","4","2","Rakhi Birla","F","AAAP","523058","SC","1356036","2194343","NORTH WEST DELHI","SC","","14","61.80","38.57","no","365590","26.96","2.63","GEDL15358","","13","TRUE","1","","","","","","0","FALSE","FALSE","FALSE","",""
"GE","Delhi","16","5","2014","4","0","4","3","Krishna Tirath","F","INC","157468","SC","1356036","2194343","NORTH WEST DELHI","SC","","14","61.80","11.61","yes","135983","10.03","2.63","GEDL43606","","3482","TRUE","4","INC","3482","NORTH WEST  DELHI","FALSE","TRUE","2","FALSE","TRUE","TRUE","",""
"GE","Delhi","16","5","2014","4","0","4","4","Basant Panwar","M","BSP","21485","SC","1356036","2194343","NORTH WEST DELHI","SC","","14","61.80","1.58","yes","12659","0.93","2.63","GEDL15361","","16651","TRUE","1","","","","","","0","FALSE","FALSE","FALSE","",""
"GE","Delhi","16","5","2014","4","0","4","5","None of the above","NOT","NOTA","8826","NULL","1356036","2194343","NORTH WEST DELHI","SC","","14","61.80","0.65","yes","5380","0.40","2.63","","","5897","TRUE","","","","","","","","","FALSE","FALSE","",""
"GE","Delhi","16","5","2014","4","0","4","6","Shailender Kumar","M","IND","3446","SC","1356036","2194343","NORTH WEST DELHI","SC","","14","61.80","0.25","yes","1167","0.09","2.63","GEDL15357","","10809","TRUE","1","","","","","","0","FALSE","FALSE","FALSE","",""
"GE","Delhi","16","5","2014","4","0","4","7","Jodhraj Paharia","M","IND","2279","SC","1356036","2194343","NORTH WEST DELHI","SC","","14","61.80","0.17","yes","530","0.04","2.63","GEDL15369","","10809","TRUE","1","","","","","","0","FALSE","FALSE","FALSE","",""
"GE","Delhi","16","5","2014","4","0","4","8","Inder Singh Sansi","M","Aa S P","1749","SC","1356036","2194343","NORTH WEST DELHI","SC","","14","61.80","0.13","yes","69","0.01","2.63","GEDL81009","","972","TRUE","2","IND","10809","NORTH WEST  DELHI","FALSE","FALSE","0","FALSE","FALSE","TRUE","",""
"GE","Delhi","16","5","2014","4","0","4","9","Dharamraj","M","BPC","1680","SC","1356036","2194343","NORTH WEST DELHI","SC","","14","61.80","0.12","yes","59","0.00","2.63","GEDL15368","","2013","TRUE","1","","","","","","0","FALSE","FALSE","FALSE","",""
"GE","Delhi","16","5","2014","4","0","4","10","Ram Karan Sauran","M","IND","1621","SC","1356036","2194343","NORTH WEST DELHI","SC","","14","61.80","0.12","yes","37","0.00","2.63","GEDL15363","","10809","TRUE","1","","","","","","0","FALSE","FALSE","FALSE","",""
"GE","Delhi","16","5","2014","4","0","4","11","Sunil Chhikara","M","IND","1584","SC","1356036","2194343","NORTH WEST DELHI","SC","","14","61.80","0.12","yes","477","0.04","2.63","GEDL15364","","10809","TRUE","1","","","","","","0","FALSE","FALSE","FALSE","",""
"GE","Delhi","16","5","2014","4","0","4","12","Bhup Singh","M","IND","1107","SC","1356036","2194343","NORTH WEST DELHI","SC","","14","61.80","0.08","yes","441","0.03","2.63","GEDL15360","","10809","TRUE","1","","","","","","0","FALSE","FALSE","FALSE","",""
"GE","Delhi","16","5","2014","4","0","4","13","Kamini Kaur","F","IND","666","SC","1356036","2194343","NORTH WEST DELHI","SC","","14","61.80","0.05","yes","4","0.00","2.63","GEDL15370","","10809","TRUE","1","","","","","","0","FALSE","FALSE","FALSE","",""
"GE","Delhi","16","5","2014","4","0","4","14","Vijay Kumar","M","RPI(A)","662","SC","1356036","2194343","NORTH WEST DELHI","SC","","14","61.80","0.05","yes","117","0.01","2.63","GEDL15371","","12285","TRUE","1","","","","","","0","FALSE","FALSE","FALSE","",""
"GE","Delhi","16","5","2014","4","0","4","15","Rajesh Kumar","M","RBHP","545","SC","1356036","2194343","NORTH WEST DELHI","SC","","14","61.80","0.04","yes","0","0.00","2.63","GEDL15367","","6440","TRUE","1","","","","","","0","FALSE","FALSE","FALSE","",""
"GE","Delhi","16","6","2014","4","0","4","1","Parvesh Sahib Singh Verma","M","BJP","651395","GEN","1347971","2039410","WEST DELHI","GEN","","17","66.10","48.32","no","268586","19.93","3.03","GEDL84105","","1605","TRUE","1","","","","","","1","FALSE","FALSE","FALSE","",""
"GE","Delhi","16","6","2014","4","0","4","2","Jarnail Singh","M","AAAP","382809","GEN","1347971","2039410","WEST DELHI","GEN","","17","66.10","28.40","no","189543","14.06","3.03","GEDL81608","","13","TRUE","1","","","","","","0","FALSE","FALSE","FALSE","",""
"GE","Delhi","16","6","2014","4","0","4","3","Mahabal Mishra","M","INC","193266","GEN","1347971","2039410","WEST DELHI","GEN","","17","66.10","14.34","yes","108544","8.05","3.03","GEDL80773","","3482","TRUE","2","INC","3482","WEST  DELHI","FALSE","TRUE","1","FALSE","TRUE","TRUE","",""
"GE","Delhi","16","6","2014","4","0","4","4","Jarnail Singh","M","IND","84722","GEN","1347971","2039410","WEST DELHI","GEN","","17","66.10","6.29","yes","76015","5.64","3.03","GEDL81609","","10809","TRUE","1","","","","","","0","FALSE","FALSE","FALSE","",""
"GE","Delhi","16","6","2014","4","0","4","5","Raj Pal Singh","M","BSP","8707","GEN","1347971","2039410","WEST DELHI","GEN","","17","66.10","0.65","yes","775","0.06","3.03","GEDL81616","","16651","TRUE","2","IND","10809","EAST DELHI","FALSE","FALSE","0","FALSE","FALSE","TRUE","",""
"GE","Delhi","16","6","2014","4","0","4","6","None of the above","NOT","NOTA","7932","NULL","1347971","2039410","WEST DELHI","GEN","","17","66.10","0.59","yes","1972","0.15","3.03","","","5897","TRUE","","","","","","","","","FALSE","FALSE","",""
"GE","Delhi","16","6","2014","4","0","4","7","Jarnail Singh","M","IND","5960","GEN","1347971","2039410","WEST DELHI","GEN","","17","66.10","0.44","yes","2336","0.17","3.03","GEDL81610","","10809","TRUE","1","","","","","","0","FALSE","FALSE","FALSE","",""
"GE","Delhi","16","6","2014","4","0","4","8","Sunil Sourabh","M","IND","3624","GEN","1347971","2039410","WEST DELHI","GEN","","17","66.10","0.27","yes","546","0.04","3.03","GEDL15381","","10809","TRUE","1","","","","","","0","FALSE","FALSE","FALSE","",""
"GE","Delhi","16","6","2014","4","0","4","9","Virender Mohan Vats","M","IND","3078","GEN","1347971","2039410","WEST DELHI","GEN","","17","66.10","0.23","yes","1424","0.11","3.03","GEDL15387","","10809","TRUE","1","","","","","","0","FALSE","FALSE","FALSE","",""
"GE","Delhi","16","6","2014","4","0","4","10","Babu Singh Dukhiya","M","IND","1654","SC","1347971","2039410","WEST DELHI","GEN","","17","66.10","0.12","yes","666","0.05","3.03","GEDL15389","","10809","TRUE","1","","","","","","0","FALSE","FALSE","FALSE","",""
"GE","Delhi","16","6","2014","4","0","4","11","Istak Khan","M","IND","988","GEN","1347971","2039410","WEST DELHI","GEN","","17","66.10","0.07","yes","183","0.01","3.03","GEDL15383","","10809","TRUE","1","","","","","","0","FALSE","FALSE","FALSE","",""
"GE","Delhi","16","6","2014","4","0","4","12","Uday Kumar Singh Kushwaha","M","BMUP","805","GEN","1347971","2039410","WEST DELHI","GEN","","17","66.10","0.06","yes","102","0.01","3.03","GEDL15378","","1074","TRUE","1","","","","","","0","FALSE","FALSE","FALSE","",""
"GE","Delhi","16","6","2014","4","0","4","13","Har Gobind Arora","M","SHS","703","GEN","1347971","2039410","WEST DELHI","GEN","","17","66.10","0.05","yes","52","0.00","3.03","GEDL80769","","18691","TRUE","2","IND","10809","WEST  DELHI","FALSE","FALSE","0","FALSE","FALSE","TRUE","",""
"GE","Delhi","16","6","2014","4","0","4","14","Dinesh Kumar Kushwaha","M","ABSP","651","GEN","1347971","2039410","WEST DELHI","GEN","","17","66.10","0.05","yes","193","0.01","3.03","GEBR1514","","136","TRUE","2","RKSP","12157","MUZAFFARPUR","FALSE","FALSE","0","TRUE","FALSE","TRUE","",""
"GE","Delhi","16","6","2014","4","0","4","15","Rakesh Kumar","M","bjdi","458","GEN","1347971","2039410","WEST DELHI","GEN","","17","66.10","0.03","yes","7","0.00","3.03","GEDL15377","","1940","TRUE","1","","","","","","0","FALSE","FALSE","FALSE","",""
"GE","Delhi","16","6","2014","4","0","4","16","Charan Jeet Singh Khalsa","M","AIFB","451","GEN","1347971","2039410","WEST DELHI","GEN","","17","66.10","0.03","yes","36","0.00","3.03","GEDL15373","","3040","TRUE","1","","","","","","0","FALSE","FALSE","FALSE","",""
"GE","Delhi","16","6","2014","4","0","4","17","Deepak Kumar","M","RJAP","415","SC","1347971","2039410","WEST DELHI","GEN","","17","66.10","0.03","yes","62","0.00","3.03","GEDL15380","","12088","TRUE","1","","","","","","0","FALSE","FALSE","FALSE","",""
"GE","Delhi","16","6","2014","4","0","4","18","Karam Chand Lathwal","M","BPC","353","GEN","1347971","2039410","WEST DELHI","GEN","","17","66.10","0.03","yes","0","0.00","3.03","GEDL15376","","2013","TRUE","1","","","","","","0","FALSE","FALSE","FALSE","",""
"GE","Delhi","16","7","2014","4","0","4","1","Ramesh Bidhuri","M","BJP","497980","GEN","1102410","1752748","SOUTH DELHI","GEN","","19","62.90","45.17","no","107000","9.71","2.94","GEDL81069","","1605","TRUE","2","BJP","1605","SOUTH DELHI","TRUE","TRUE","1","FALSE","FALSE","TRUE","",""
"GE","Delhi","16","7","2014","4","0","4","2","Col Devinder Sehrawat","M","AAAP","390980","GEN","1102410","1752748","SOUTH DELHI","GEN","","19","62.90","35.47","no","265767","24.11","2.94","GEDL15396","","13","TRUE","1","","","","","","0","FALSE","FALSE","FALSE","",""
"GE","Delhi","16","7","2014","4","0","4","3","Ramesh Kumar","M","INC","125213","GEN","1102410","1752748","SOUTH DELHI","GEN","","19","62.90","11.36","yes","68464","6.21","2.94","GEDL81040","","3482","TRUE","2","INC","3482","SOUTH DELHI","TRUE","TRUE","1","FALSE","TRUE","TRUE","",""
"GE","Delhi","16","7","2014","4","0","4","4","Ruby Yadav","F","IND","56749","GEN","1102410","1752748","SOUTH DELHI","GEN","","19","62.90","5.15","yes","45876","4.16","2.94","GEDL15408","","10809","TRUE","1","","","","","","0","FALSE","FALSE","FALSE","",""
"GE","Delhi","16","7","2014","4","0","4","5","Sanjay Kumar Rai","M","BSP","10873","GEN","1102410","1752748","SOUTH DELHI","GEN","","19","62.90","0.99","yes","6398","0.58","2.94","GEDL15405","","16651","TRUE","1","","","","","","0","FALSE","FALSE","FALSE","",""
"GE","Delhi","16","7","2014","4","0","4","6","Shrichand Tanwar","M","CPI","4475","GEN","1102410","1752748","SOUTH DELHI","GEN","","19","62.90","0.41","yes","465","0.04","2.94","GEDL81111","","2444","TRUE","2","CPI","2444","SOUTH DELHI","TRUE","TRUE","0","FALSE","FALSE","TRUE","",""
"GE","Delhi","16","7","2014","4","0","4","7","None of the above","NOT","NOTA","4010","NULL","1102410","1752748","SOUTH DELHI","GEN","","19","62.90","0.36","yes","1169","0.11","2.94","","","5897","TRUE","","","","","","","","","FALSE","FALSE","",""
"GE","Delhi","16","7","2014","4","0","4","8","Shahid","M","IND","2841","GEN","1102410","1752748","SOUTH DELHI","GEN","","19","62.90","0.26","yes","1201","0.11","2.94","GEDL15401","","10809","TRUE","1","","","","","","0","FALSE","FALSE","FALSE","",""
"GE","Delhi","16","7","2014","4","0","4","9","Sumant Kumar","M","IND","1640","GEN","1102410","1752748","SOUTH DELHI","GEN","","19","62.90","0.15","yes","425","0.04","2.94","GEDL15395","","10809","TRUE","1","","","","","","0","FALSE","FALSE","FALSE","",""
"GE","Delhi","16","7","2014","4","0","4","10","Tej Pal Singh","M","IND","1215","SC","1102410","1752748","SOUTH DELHI","GEN","","19","62.90","0.11","yes","75","0.01","2.94","GEDL15391","","10809","TRUE","1","","","","","","0","FALSE","FALSE","FALSE","",""
"GE","Delhi","16","7","2014","4","0","4","11","Sunil Kumar","M","IND","1140","GEN","1102410","1752748","SOUTH DELHI","GEN","","19","62.90","0.10","yes","69","0.01","2.94","GEDL79948","","10809","TRUE","2","IND","10809","CHANDNI CHOWK","FALSE","TRUE","0","FALSE","FALSE","TRUE","",""
"GE","Delhi","16","7","2014","4","0","4","12","Rakesh Kumar","M","IND","1071","GEN","1102410","1752748","SOUTH DELHI","GEN","","19","62.90","0.10","yes","158","0.01","2.94","GEDL81626","","10809","TRUE","1","","","","","","0","FALSE","FALSE","FALSE","",""
"GE","Delhi","16","7","2014","4","0","4","13","Naresh Kumar Chandaliya","M","IND","913","SC","1102410","1752748","SOUTH DELHI","GEN","","19","62.90","0.08","yes","110","0.01","2.94","GEDL15406","","10809","TRUE","1","","","","","","0","FALSE","FALSE","FALSE","",""
"GE","Delhi","16","7","2014","4","0","4","14","Sreerupa Mitra Chaudhury","F","AITC","803","GEN","1102410","1752748","SOUTH DELHI","GEN","","19","62.90","0.07","yes","242","0.02","2.94","GEDL15404","","18228","TRUE","1","","","","","","0","FALSE","FALSE","FALSE","",""
"GE","Delhi","16","7","2014","4","0","4","15","Mohan Kanuga","M","JKNPP","561","GEN","1102410","1752748","SOUTH DELHI","GEN","","19","62.90","0.05","yes","1","0.00","2.94","GEDL15402","","4079","TRUE","1","","","","","","0","FALSE","FALSE","FALSE","",""
"GE","Delhi","16","7","2014","4","0","4","16","Dr. Dusmanta Kumar Giri","M","IND","560","GEN","1102410","1752748","SOUTH DELHI","GEN","","19","62.90","0.05","yes","148","0.01","2.94","GEDL15403","","10809","TRUE","1","","","","","","0","FALSE","FALSE","FALSE","",""
"GE","Delhi","16","7","2014","4","0","4","17","D. K. Chopra","M","IND","412","GEN","1102410","1752748","SOUTH DELHI","GEN","","19","62.90","0.04","yes","55","0.00","2.94","GEDL15392","","10809","TRUE","1","","","","","","0","FALSE","FALSE","FALSE","",""
"GE","Delhi","16","7","2014","4","0","4","18","Hafiz Mustaq","M","JSMP","357","GEN","1102410","1752748","SOUTH DELHI","GEN","","19","62.90","0.03","yes","43","0.00","2.94","GEDL15399","","4144","TRUE","1","","","","","","0","FALSE","FALSE","FALSE","",""
"GE","Delhi","16","7","2014","4","0","4","19","Kiran Pal Singh","M","IND","314","GEN","1102410","1752748","SOUTH DELHI","GEN","","19","62.90","0.03","yes","11","0.00","2.94","GEDL15394","","10809","TRUE","1","","","","","","0","FALSE","FALSE","FALSE","",""
"GE","Delhi","16","7","2014","4","0","4","20","Cho. Ombir Singh Naughwar","M","BHBP","303","GEN","1102410","1752748","SOUTH DELHI","GEN","","19","62.90","0.03","yes","0","0.00","2.94","GEDL15390","","1365","TRUE","1","","","","","","0","FALSE","FALSE","FALSE","",""